Year,Mean Temp
2007,7.152545
2008,5.242663403
2011,7.416199
2012,6.426022
2013,4.965449
2014,4.871036
2015,6.810121312
2016,6.617590619
2017,6.914047546
