Year,CV
2008,1.350703
2009,2.560665
2010,0.8541276
2011,0.97808
2012,1.146916
2013,1.389977
2014,1.298373
2015,1.100954
2016,1.179548
2017,1.124405
2018,1.735008
