Year,Cv
2008,1.265881
2009,1.077421
2010,1.10033
2011,0.8195695
2012,1.179119
2013,0.655505
2014,1.065665
2015,0.8593305
2016,0.9353881
2017,0.9371794
2018,1.56005
