Year,Minimum
2008,5.071961644
2009,4.390303279
2010,4.127361644
2011,6.027027397
2012,5.124008584
2013,7.534286585
2014,3.498087671
2015,5.104549254
2016,5.359855191
2017,5.127281818
