Year,Avg_Temp
2008,5.931683953
2009,6.446805374
2010,5.511454104
2014,5.628055813
2015,7.350329742
2016,6.906426457
2017,7.351720377
