Year,Average Temp
2010,1.752615
2011,8.602401626
2012,7.416198767
2013,6.42602165
2014,4.965449498
2015,4.871036115
2016,6.810121312
2017,6.617590619
2018,6.914047546
