Year,Avg_Temp
2009,4.952402586
2011,4.663464508
2014,8.231047011
2016,5.752429239
