Year,Avg_Temp
2009,4.298761554
2011,5.883888813
2014,9.71132141
2017,7.190932889
