Year,Avg_Temp
2009,5.931683953
2010,6.446805374
2011,5.511454104
2013,7.67813569
2014,9.46264282
2015,5.628055813
2016,7.350329742
2017,6.906426457
2018,7.351720377
