Year,Average Temp
2008,5.242663403
2009,1.752615
2011,7.416198767
2012,6.42602165
2013,4.965449498
2016,6.617590619
2018,4.344073584
