Year,Average Temp
2009,5.242663403
2011,1.752615
2012,7.416198767
2013,6.42602165
2016,4.965449498
2018,6.617590619
